name,task,aoi,iface,minecraft_experience,ptsot,sbsod,tot_dur_fixations,avg_dur_fixations,n_fixations,perc_dur_fixations,perc_n_fixations
1,1,direction,tbt,0,0,0,0,0.0,0,0.0,0.0
1,1,env,tbt,0,0,0,42487,256.0,166,68.167,72.807
1,1,minimap,tbt,0,0,0,19841,320.0,62,31.833,27.193
2,4,direction,tbt,0,0,0,1446,181.0,8,1.989,3.419
2,4,env,tbt,0,0,0,47670,343.0,139,65.574,59.402
2,4,minimap,tbt,0,0,0,23580,271.0,87,32.436,37.179
1,2,direction,lf,0,0,0,0,0.0,0,0.0,0.0
1,2,env,lf,0,0,0,43665,278.0,157,66.854,67.094
1,2,minimap,lf,0,0,0,21649,281.0,77,33.146,32.906
1,3,direction,tbt,0,0,0,334,167.0,2,0.748,1.681
1,3,env,tbt,0,0,0,33686,370.0,91,75.48,76.471
1,3,minimap,tbt,0,0,0,10609,408.0,26,23.772,21.849
1,4,direction,lf,0,0,0,0,0.0,0,0.0,0.0
1,4,env,lf,0,0,0,44598,274.0,163,59.878,62.934
1,4,minimap,lf,0,0,0,29883,311.0,96,40.122,37.066
3,3,direction,tbt,0,0,0,0,0.0,0,0.0,0.0
3,3,env,tbt,0,0,0,5342,214.0,25,100.0,100.0
3,3,minimap,tbt,0,0,0,0,0.0,0,0.0,0.0
2,1,direction,lf,0,0,0,0,0.0,0,0.0,0.0
2,1,env,lf,0,0,0,45055,306.0,147,61.314,60.0
2,1,minimap,lf,0,0,0,28428,290.0,98,38.686,40.0
2,2,direction,lf,0,0,0,0,0.0,0,0.0,0.0
2,2,env,lf,0,0,0,32421,306.0,106,56.794,53.807
2,2,minimap,lf,0,0,0,24664,271.0,91,43.206,46.193
2,3,direction,tbt,0,0,0,1726,192.0,9,4.574,6.164
2,3,env,tbt,0,0,0,25297,275.0,92,67.046,63.014
2,3,minimap,tbt,0,0,0,10708,238.0,45,28.38,30.822
3,4,direction,lf,0,0,0,0,0.0,0,0.0,0.0
3,4,env,lf,0,0,0,472,236.0,2,78.536,66.667
3,4,minimap,lf,0,0,0,129,129.0,1,21.464,33.333
3,1,direction,lf,0,0,0,0,0.0,0,0.0,0.0
3,1,env,lf,0,0,0,884,147.0,6,100.0,100.0
3,1,minimap,lf,0,0,0,0,0.0,0,0.0,0.0
3,2,direction,tbt,0,0,0,0,0.0,0,0.0,0.0
3,2,env,tbt,0,0,0,920,184.0,5,100.0,100.0
3,2,minimap,tbt,0,0,0,0,0.0,0,0.0,0.0
4,2,direction,tbt,0,0,0,0,0.0,0,0.0,0.0
4,2,env,tbt,0,0,0,38264,324.0,118,68.875,63.441
4,2,minimap,tbt,0,0,0,17292,254.0,68,31.125,36.559
4,3,direction,lf,0,0,0,0,0.0,0,0.0,0.0
4,3,env,lf,0,0,0,42908,245.0,175,100.0,100.0
4,3,minimap,lf,0,0,0,0,0.0,0,0.0,0.0
4,4,direction,lf,0,0,0,0,0.0,0,0.0,0.0
4,4,env,lf,0,0,0,23295,240.0,97,56.591,55.747
4,4,minimap,lf,0,0,0,17869,232.0,77,43.409,44.253
4,1,direction,tbt,0,0,0,0,0.0,0,0.0,0.0
4,1,env,tbt,0,0,0,26403,278.0,95,55.786,56.213
4,1,minimap,tbt,0,0,0,20926,283.0,74,44.214,43.787
5,1,direction,lf,0,0,0,0,0.0,0,0.0,0.0
5,1,env,lf,0,0,0,40830,246.0,166,75.594,74.107
5,1,minimap,lf,0,0,0,13182,227.0,58,24.406,25.893
5,2,direction,tbt,0,0,0,1423,142.0,10,3.077,4.878
5,2,env,tbt,0,0,0,22390,238.0,94,48.408,45.854
5,2,minimap,tbt,0,0,0,22440,222.0,101,48.516,49.268
5,3,direction,lf,0,0,0,0,0.0,0,0.0,0.0
5,3,env,lf,0,0,0,13165,219.0,60,40.175,44.118
5,3,minimap,lf,0,0,0,19604,258.0,76,59.825,55.882
5,4,direction,tbt,0,0,0,444,222.0,2,1.068,1.042
5,4,env,tbt,0,0,0,20489,209.0,98,49.301,51.042
5,4,minimap,tbt,0,0,0,20626,224.0,92,49.631,47.917
6,4,direction,tbt,0,0,0,671,168.0,4,1.294,2.128
6,4,env,tbt,0,0,0,39638,289.0,137,76.433,72.872
6,4,minimap,tbt,0,0,0,11551,246.0,47,22.273,25.0
6,1,direction,tbt,0,0,0,228,228.0,1,0.499,0.645
6,1,env,tbt,0,0,0,31741,327.0,97,69.502,62.581
6,1,minimap,tbt,0,0,0,13700,240.0,57,29.998,36.774
6,2,direction,lf,0,0,0,0,0.0,0,0.0,0.0
6,2,env,lf,0,0,0,34216,298.0,115,54.173,50.0
6,2,minimap,lf,0,0,0,28945,252.0,115,45.827,50.0
6,3,direction,lf,0,0,0,194,194.0,1,0.42,0.578
6,3,env,lf,0,0,0,20311,299.0,68,43.924,39.306
6,3,minimap,lf,0,0,0,25736,247.0,104,55.656,60.116
7,3,direction,lf,0,0,0,0,0.0,0,0.0,0.0
7,3,env,lf,0,0,0,18758,313.0,60,45.395,40.816
7,3,minimap,lf,0,0,0,22564,259.0,87,54.605,59.184
7,4,direction,tbt,0,0,0,0,0.0,0,0.0,0.0
7,4,env,tbt,0,0,0,20167,265.0,76,68.298,61.29
7,4,minimap,tbt,0,0,0,9361,195.0,48,31.702,38.71
7,1,direction,tbt,0,0,0,0,0.0,0,0.0,0.0
7,1,env,tbt,0,0,0,26245,243.0,108,69.582,69.231
7,1,minimap,tbt,0,0,0,11473,239.0,48,30.418,30.769
7,2,direction,lf,0,0,0,0,0.0,0,0.0,0.0
7,2,env,lf,0,0,0,13093,273.0,48,28.479,29.091
7,2,minimap,lf,0,0,0,32881,281.0,117,71.521,70.909
8,2,direction,tbt,0,0,0,1134,142.0,8,2.075,3.828
8,2,env,tbt,0,0,0,33277,275.0,121,60.892,57.895
8,2,minimap,tbt,0,0,0,20238,253.0,80,37.033,38.278
8,1,direction,lf,0,0,0,0,0.0,0,0.0,0.0
8,1,env,lf,0,0,0,39967,285.0,140,62.189,63.063
8,1,minimap,lf,0,0,0,24300,296.0,82,37.811,36.937
8,3,direction,tbt,0,0,0,1432,179.0,8,3.399,4.188
8,3,env,tbt,0,0,0,24419,247.0,99,57.953,51.832
8,3,minimap,tbt,0,0,0,16285,194.0,84,38.649,43.979
8,4,direction,lf,0,0,0,264,264.0,1,0.27,0.284
8,4,env,lf,0,0,0,61280,293.0,209,62.575,59.375
8,4,minimap,lf,0,0,0,36386,256.0,142,37.155,40.341
9,3,direction,tbt,0,0,0,1144,191.0,6,2.146,3.468
9,3,env,tbt,0,0,0,43647,333.0,131,81.892,75.723
9,3,minimap,tbt,0,0,0,8507,236.0,36,15.961,20.809
9,4,direction,lf,0,0,0,0,0.0,0,0.0,0.0
9,4,env,lf,0,0,0,55262,299.0,185,70.094,66.071
9,4,minimap,lf,0,0,0,23578,248.0,95,29.906,33.929
9,1,direction,tbt,0,0,0,0,0.0,0,0.0,0.0
9,1,env,tbt,0,0,0,40428,313.0,129,69.963,64.5
9,1,minimap,tbt,0,0,0,17357,244.0,71,30.037,35.5
9,2,direction,lf,0,0,0,1010,337.0,3,1.304,1.2
9,2,env,lf,0,0,0,47499,342.0,139,61.303,55.6
9,2,minimap,lf,0,0,0,28973,268.0,108,37.393,43.2
10,4,direction,tbt,0,0,0,2073,207.0,10,5.111,6.41
10,4,env,tbt,0,0,0,26768,276.0,97,65.998,62.179
10,4,minimap,tbt,0,0,0,11718,239.0,49,28.891,31.41
10,2,direction,lf,0,0,0,0,0.0,0,0.0,0.0
10,2,env,lf,0,0,0,29828,279.0,107,59.939,59.116
10,2,minimap,lf,0,0,0,19936,269.0,74,40.061,40.884
10,1,direction,lf,0,0,0,0,0.0,0,0.0,0.0
10,1,env,lf,0,0,0,38397,278.0,138,69.445,65.094
10,1,minimap,lf,0,0,0,16894,228.0,74,30.555,34.906
10,3,direction,tbt,0,0,0,1939,215.0,9,5.501,6.25
10,3,env,tbt,0,0,0,19302,247.0,78,54.759,54.167
10,3,minimap,tbt,0,0,0,14008,246.0,57,39.74,39.583
11,1,direction,tbt,0,0,0,0,0.0,0,0.0,0.0
11,1,env,tbt,0,0,0,3884,388.0,10,100.0,100.0
11,1,minimap,tbt,0,0,0,0,0.0,0,0.0,0.0
11,4,direction,lf,0,0,0,0,0.0,0,0.0,0.0
11,4,env,lf,0,0,0,1735,158.0,11,100.0,100.0
11,4,minimap,lf,0,0,0,0,0.0,0,0.0,0.0
11,2,direction,tbt,0,0,0,0,0.0,0,0.0,0.0
11,2,env,tbt,0,0,0,6471,381.0,17,94.827,89.474
11,2,minimap,tbt,0,0,0,353,177.0,2,5.173,10.526
11,3,direction,lf,0,0,0,498,498.0,1,3.556,2.273
11,3,env,lf,0,0,0,12433,327.0,38,88.788,86.364
11,3,minimap,lf,0,0,0,1072,214.0,5,7.656,11.364
12,2,direction,tbt,0,0,0,1364,152.0,9,2.281,4.369
12,2,env,tbt,0,0,0,47191,286.0,165,78.908,80.097
12,2,minimap,tbt,0,0,0,11250,352.0,32,18.811,15.534
12,3,direction,lf,0,0,0,1143,229.0,5,1.753,2.128
12,3,env,lf,0,0,0,48668,290.0,168,74.638,71.489
12,3,minimap,lf,0,0,0,15394,248.0,62,23.609,26.383
12,4,direction,tbt,0,0,0,640,213.0,3,0.94,1.111
12,4,env,tbt,0,0,0,47444,250.0,190,69.67,70.37
12,4,minimap,tbt,0,0,0,20014,260.0,77,29.39,28.519
12,1,direction,lf,0,0,0,0,0.0,0,0.0,0.0
12,1,env,lf,0,0,0,58628,292.0,201,74.038,71.786
12,1,minimap,lf,0,0,0,20558,260.0,79,25.962,28.214
13,3,direction,tbt,0,0,0,0,0.0,0,0.0,0.0
13,3,env,tbt,0,0,0,9224,485.0,19,46.37,43.182
13,3,minimap,tbt,0,0,0,10668,427.0,25,53.63,56.818
13,1,direction,lf,0,0,0,550,275.0,2,0.621,0.877
13,1,env,lf,0,0,0,53884,411.0,131,60.845,57.456
13,1,minimap,lf,0,0,0,34125,359.0,95,38.534,41.667
13,4,direction,tbt,0,0,0,728,243.0,3,0.955,1.562
13,4,env,tbt,0,0,0,44036,445.0,99,57.742,51.562
13,4,minimap,tbt,0,0,0,31500,350.0,90,41.304,46.875
13,2,direction,lf,0,0,0,408,408.0,1,0.468,0.412
13,2,env,lf,0,0,0,39024,325.0,120,44.767,49.383
13,2,minimap,lf,0,0,0,47740,391.0,122,54.765,50.206
14,4,direction,lf,0,0,0,0,0.0,0,0.0,0.0
14,4,env,lf,0,0,0,50588,367.0,138,55.592,49.11
14,4,minimap,lf,0,0,0,40411,283.0,143,44.408,50.89
14,1,direction,tbt,0,0,0,1718,215.0,8,2.21,3.2
14,1,env,tbt,0,0,0,46658,331.0,141,60.01,56.4
14,1,minimap,tbt,0,0,0,29374,291.0,101,37.78,40.4
14,2,direction,tbt,0,0,0,1137,189.0,6,1.792,2.51
14,2,env,tbt,0,0,0,30395,289.0,105,47.902,43.933
14,2,minimap,tbt,0,0,0,31921,249.0,128,50.307,53.556
14,3,direction,lf,0,0,0,1425,285.0,5,2.799,2.874
14,3,env,lf,0,0,0,15381,302.0,51,30.21,29.31
14,3,minimap,lf,0,0,0,34107,289.0,118,66.991,67.816
15,1,direction,lf,0,0,0,0,0.0,0,0.0,0.0
15,1,env,lf,0,0,0,10912,341.0,32,66.403,57.143
15,1,minimap,lf,0,0,0,5521,230.0,24,33.597,42.857
15,2,direction,tbt,0,0,0,1403,200.0,7,3.635,5.932
15,2,env,tbt,0,0,0,18859,363.0,52,48.864,44.068
15,2,minimap,tbt,0,0,0,18333,311.0,59,47.501,50.0
15,3,direction,lf,0,0,0,0,0.0,0,0.0,0.0
15,3,env,lf,0,0,0,12000,286.0,42,33.149,36.842
15,3,minimap,lf,0,0,0,24200,336.0,72,66.851,63.158
15,4,direction,tbt,0,0,0,353,177.0,2,1.305,2.222
15,4,env,tbt,0,0,0,13473,313.0,43,49.804,47.778
15,4,minimap,tbt,0,0,0,13226,294.0,45,48.891,50.0
16,2,direction,lf,0,0,0,0,0.0,0,0.0,0.0
16,2,env,lf,0,0,0,31659,326.0,97,64.148,64.238
16,2,minimap,lf,0,0,0,17694,328.0,54,35.852,35.762
16,3,direction,tbt,0,0,0,1599,267.0,6,3.809,4.762
16,3,env,tbt,0,0,0,17614,309.0,57,41.954,45.238
16,3,minimap,tbt,0,0,0,22771,361.0,63,54.237,50.0
16,4,direction,lf,0,0,0,0,0.0,0,0.0,0.0
16,4,env,lf,0,0,0,26172,312.0,84,57.707,55.263
16,4,minimap,lf,0,0,0,19181,282.0,68,42.293,44.737
16,1,direction,tbt,0,0,0,379,190.0,2,0.943,1.481
16,1,env,tbt,0,0,0,32576,316.0,103,81.077,76.296
16,1,minimap,tbt,0,0,0,7224,241.0,30,17.98,22.222
